Code_departement,Taux_chomage_moyen,Annee
9,16356.666666666666,2022
11,40576.666666666664,2022
12,20751.666666666668,2022
30,82846.66666666667,2022
31,144135.83333333334,2022
32,14783.333333333334,2022
34,139992.5,2022
46,15720.0,2022
48,4931.666666666667,2022
65,21893.333333333332,2022
66,59197.5,2022
81,37027.5,2022
