Code_departement,Taux_chomage_moyen,Annee
9,17061.666666666668,2017
11,43456.666666666664,2017
12,20991.666666666668,2017
30,89004.16666666667,2017
31,149604.16666666666,2017
32,15736.666666666666,2017
34,143706.66666666666,2017
46,15725.0,2017
48,5251.666666666667,2017
65,24049.166666666668,2017
66,60595.0,2017
81,39671.666666666664,2017
