Code_departement,Taux_chomage_moyen,Annee
9,13607.5,2012
11,34754.166666666664,2012
12,16197.5,2012
30,69741.66666666667,2012
31,119336.66666666667,2012
32,12205.833333333334,2012
34,112567.5,2012
46,12680.833333333334,2012
48,3895.8333333333335,2012
65,20103.333333333332,2012
66,44270.0,2012
81,33035.0,2012
