Code_departement,Taux_chomage_moyen,Annee
9,9390.0,2007
11,22697.5,2007
12,10628.333333333334,2007
30,51341.66666666666,2007
32,7937.5,2007
31,82502.5,2007
65,14049.166666666666,2007
34,76381.66666666667,2007
46,8537.5,2007
48,2671.6666666666665,2007
66,27770.0,2007
81,23807.5,2007
